{"cameraMode":{"drawMode":0,"name":"Shaded","section":"Shading Mode"},"sceneLighting":true,"audioPlay":false,"sceneViewState":{"m_AlwaysRefresh":false,"showFog":true,"showSkybox":true,"showFlares":true,"showImageEffects":true,"showParticleSystems":true,"showVisualEffectGraphs":true,"m_FxEnabled":true},"in2DMode":false,"pivot":{"x":-0.016397476196289064,"y":0.6118684411048889,"z":-0.1648416519165039},"rotation":{"x":-0.01069409865885973,"y":0.9417483806610107,"z":0.030264610424637796,"w":0.33489736914634707},"size":3.3945178985595705,"orthographic":true}