{"cameraMode":{"drawMode":0,"name":"Shaded","section":"Shading Mode"},"sceneLighting":true,"audioPlay":false,"sceneViewState":{"m_AlwaysRefresh":false,"showFog":true,"showSkybox":true,"showFlares":true,"showImageEffects":true,"showParticleSystems":true,"showVisualEffectGraphs":true,"m_FxEnabled":true},"in2DMode":false,"pivot":{"x":0.06639456748962403,"y":0.9427543878555298,"z":0.008390486240386963},"rotation":{"x":-0.2013297826051712,"y":-0.7590158581733704,"z":0.2756069600582123,"w":-0.5544470548629761},"size":1.1660254001617432,"orthographic":false}